{
  "hash": "10ca921c",
  "configHash": "98d508f7",
  "lockfileHash": "7672aa6f",
  "browserHash": "8f7088b6",
  "optimized": {
    "@angular/common": {
      "src": "../../../../../node_modules/@angular/common/fesm2022/common.mjs",
      "file": "@angular_common.js",
      "fileHash": "4e70ae17",
      "needsInterop": false
    },
    "@angular/common/http": {
      "src": "../../../../../node_modules/@angular/common/fesm2022/http.mjs",
      "file": "@angular_common_http.js",
      "fileHash": "47c64f93",
      "needsInterop": false
    },
    "@angular/core": {
      "src": "../../../../../node_modules/@angular/core/fesm2022/core.mjs",
      "file": "@angular_core.js",
      "fileHash": "50014ea9",
      "needsInterop": false
    },
    "@angular/forms": {
      "src": "../../../../../node_modules/@angular/forms/fesm2022/forms.mjs",
      "file": "@angular_forms.js",
      "fileHash": "bf959509",
      "needsInterop": false
    },
    "@angular/material/button": {
      "src": "../../../../../node_modules/@angular/material/fesm2022/button.mjs",
      "file": "@angular_material_button.js",
      "fileHash": "5c5f5a99",
      "needsInterop": false
    },
    "@angular/material/core": {
      "src": "../../../../../node_modules/@angular/material/fesm2022/core.mjs",
      "file": "@angular_material_core.js",
      "fileHash": "1f3ce97b",
      "needsInterop": false
    },
    "@angular/material/datepicker": {
      "src": "../../../../../node_modules/@angular/material/fesm2022/datepicker.mjs",
      "file": "@angular_material_datepicker.js",
      "fileHash": "aa641d0d",
      "needsInterop": false
    },
    "@angular/material/dialog": {
      "src": "../../../../../node_modules/@angular/material/fesm2022/dialog.mjs",
      "file": "@angular_material_dialog.js",
      "fileHash": "1ff28abe",
      "needsInterop": false
    },
    "@angular/material/form-field": {
      "src": "../../../../../node_modules/@angular/material/fesm2022/form-field.mjs",
      "file": "@angular_material_form-field.js",
      "fileHash": "5a908935",
      "needsInterop": false
    },
    "@angular/material/icon": {
      "src": "../../../../../node_modules/@angular/material/fesm2022/icon.mjs",
      "file": "@angular_material_icon.js",
      "fileHash": "cdc1f743",
      "needsInterop": false
    },
    "@angular/material/input": {
      "src": "../../../../../node_modules/@angular/material/fesm2022/input.mjs",
      "file": "@angular_material_input.js",
      "fileHash": "a5756f6f",
      "needsInterop": false
    },
    "@angular/material/select": {
      "src": "../../../../../node_modules/@angular/material/fesm2022/select.mjs",
      "file": "@angular_material_select.js",
      "fileHash": "a8f8863a",
      "needsInterop": false
    },
    "@angular/material/sidenav": {
      "src": "../../../../../node_modules/@angular/material/fesm2022/sidenav.mjs",
      "file": "@angular_material_sidenav.js",
      "fileHash": "5373d952",
      "needsInterop": false
    },
    "@angular/material/tabs": {
      "src": "../../../../../node_modules/@angular/material/fesm2022/tabs.mjs",
      "file": "@angular_material_tabs.js",
      "fileHash": "e28e0b84",
      "needsInterop": false
    },
    "@angular/platform-browser": {
      "src": "../../../../../node_modules/@angular/platform-browser/fesm2022/platform-browser.mjs",
      "file": "@angular_platform-browser.js",
      "fileHash": "38e69dff",
      "needsInterop": false
    },
    "@angular/platform-browser/animations": {
      "src": "../../../../../node_modules/@angular/platform-browser/fesm2022/animations.mjs",
      "file": "@angular_platform-browser_animations.js",
      "fileHash": "84302622",
      "needsInterop": false
    },
    "@angular/router": {
      "src": "../../../../../node_modules/@angular/router/fesm2022/router.mjs",
      "file": "@angular_router.js",
      "fileHash": "76041a02",
      "needsInterop": false
    },
    "@ngx-translate/core": {
      "src": "../../../../../node_modules/@ngx-translate/core/dist/fesm2022/ngx-translate-core.mjs",
      "file": "@ngx-translate_core.js",
      "fileHash": "22401003",
      "needsInterop": false
    },
    "@ngx-translate/http-loader": {
      "src": "../../../../../node_modules/@ngx-translate/http-loader/dist/fesm2022/ngx-translate-http-loader.mjs",
      "file": "@ngx-translate_http-loader.js",
      "fileHash": "5c99e3ec",
      "needsInterop": false
    },
    "chart.js": {
      "src": "../../../../../node_modules/chart.js/dist/chart.js",
      "file": "chart__js.js",
      "fileHash": "e84fb4f2",
      "needsInterop": false
    },
    "ngx-editor": {
      "src": "../../../../../node_modules/ngx-editor/fesm2022/ngx-editor.mjs",
      "file": "ngx-editor.js",
      "fileHash": "49cb72c6",
      "needsInterop": false
    },
    "talkjs": {
      "src": "../../../../../node_modules/talkjs/src/index.esnext.js",
      "file": "talkjs.js",
      "fileHash": "e3835e9b",
      "needsInterop": false
    }
  },
  "chunks": {
    "chunk-ZCHUYY5Q": {
      "file": "chunk-ZCHUYY5Q.js"
    },
    "chunk-3XW4EOKG": {
      "file": "chunk-3XW4EOKG.js"
    },
    "chunk-W4ZGETAZ": {
      "file": "chunk-W4ZGETAZ.js"
    },
    "chunk-2PAR5UMC": {
      "file": "chunk-2PAR5UMC.js"
    },
    "chunk-HYPERIKL": {
      "file": "chunk-HYPERIKL.js"
    },
    "chunk-TBJ6J3MA": {
      "file": "chunk-TBJ6J3MA.js"
    },
    "chunk-BETCUU6T": {
      "file": "chunk-BETCUU6T.js"
    },
    "chunk-7JYBJ464": {
      "file": "chunk-7JYBJ464.js"
    },
    "chunk-5ZGVOA3B": {
      "file": "chunk-5ZGVOA3B.js"
    },
    "chunk-AIXE6DYD": {
      "file": "chunk-AIXE6DYD.js"
    },
    "chunk-WVMVKURP": {
      "file": "chunk-WVMVKURP.js"
    },
    "chunk-QHTPEUKE": {
      "file": "chunk-QHTPEUKE.js"
    },
    "chunk-ZUGBGUYQ": {
      "file": "chunk-ZUGBGUYQ.js"
    },
    "chunk-DI3LGX3F": {
      "file": "chunk-DI3LGX3F.js"
    },
    "chunk-J4B6MK7R": {
      "file": "chunk-J4B6MK7R.js"
    }
  }
}